-- phpMyAdmin SQL Dump
-- version 4.3.11
-- http://www.phpmyadmin.net
--
-- Host: 127.0.0.1
-- Generation Time: Jul 29, 2015 at 04:28 AM
-- Server version: 5.6.24
-- PHP Version: 5.6.8

SET SQL_MODE = "NO_AUTO_VALUE_ON_ZERO";
SET time_zone = "+00:00";


/*!40101 SET @OLD_CHARACTER_SET_CLIENT=@@CHARACTER_SET_CLIENT */;
/*!40101 SET @OLD_CHARACTER_SET_RESULTS=@@CHARACTER_SET_RESULTS */;
/*!40101 SET @OLD_COLLATION_CONNECTION=@@COLLATION_CONNECTION */;
/*!40101 SET NAMES utf8 */;

--
-- Database: `mydb`
--

-- --------------------------------------------------------

--
-- Table structure for table `projects`
--

CREATE TABLE IF NOT EXISTS `projects` (
  `project_id` int(11) NOT NULL,
  `name` varchar(60) NOT NULL
) ENGINE=InnoDB AUTO_INCREMENT=88 DEFAULT CHARSET=latin1;

--
-- Dumping data for table `projects`
--

INSERT INTO `projects` (`project_id`, `name`) VALUES
(1, 'ABG EMEA Multi-Country Deployments'),
(2, 'ABG DNN Upgrade'),
(3, ''),
(4, 'ABG EMEA - UK'),
(5, 'ABG EMEA EXTEND'),
(6, 'ABG EMEA FR'),
(7, 'ABG EMEA UK [Client Support]'),
(8, 'ABG SV1-VA1 Migration'),
(9, 'ABG US [IVR Treatment for Premium Partners RM226825]'),
(10, 'ABG-US (Hawaiian Island Recognition CR54646)'),
(11, 'Development [Internal]'),
(12, 'Frontier [20150113 Navitaire and prompts]'),
(13, 'Frontier [20150202 Call Routing IIP Updates]'),
(14, 'GSK [Add three products to the GSK RC and MI grammars R22546'),
(15, 'GSK [Add three products to the GSK RC and MI grammars R22546'),
(16, 'GSK [Add three products to the GSK RC and MI grammars R22546'),
(17, 'GSK [Add three products to the GSK RC and MI grammars R22546'),
(18, 'GSK [Add three products to the GSK RC and MI grammars R22546'),
(19, 'GSK [Add three products to the GSK RC and MI grammars R22546'),
(20, 'GSK [apps and ep3 - Java 7 upgrade - R226667]'),
(21, 'GSK [Changes to GSKRC HCP and Consumer Afterhours menus R245'),
(22, 'GSK [GSK RC IVR Menu Change R231185]'),
(23, 'GSK [R234311 Remove three grammars from WMR menu]'),
(24, 'Migration of Voice-Web Apps to SV1-VA1_Master Plan [Multiple'),
(25, 'Migration of Voice-Web Apps to SV1-VA1_Master Plan [Multiple'),
(26, 'Migration of Voice-Web Apps to SV1-VA1_Master Plan [Multiple'),
(27, 'Migration of Voice-Web Apps to SV1-VA1_Master Plan [Multiple'),
(28, 'Migration of Voice-Web Apps to SV1-VA1_Master Plan [Multiple'),
(29, 'Migration of Voice-Web Apps to SV1-VA1_Master Plan [Multiple'),
(30, 'Migration of Voice-Web Apps to SV1-VA1_Master Plan [Multiple'),
(31, 'Migration of Voice-Web Apps to SV1-VA1_Master Plan [Multiple'),
(32, 'Migration of Voice-Web Apps to SV1-VA1_Master Plan [Multiple'),
(33, 'Migration of Voice-Web Apps to SV1-VA1_Master Plan [Multiple'),
(34, 'Migration of Voice-Web Apps to SV1-VA1_Master Plan [Multiple'),
(35, 'Migration of Voice-Web Apps to SV1-VA1_Master Plan [Multiple'),
(36, 'Migration of Voice-Web Apps to SV1-VA1_Master Plan [Multiple'),
(37, 'Migration of Voice-Web Apps to SV1-VA1_Master Plan [Multiple'),
(38, 'Migration of Voice-Web Apps to SV1-VA1_Master Plan [Multiple'),
(39, 'Migration of Voice-Web Apps to SV1-VA1_Master Plan [Multiple'),
(40, 'Migration of Voice-Web Apps to SV1-VA1_Master Plan [Multiple'),
(41, 'Migration of Voice-Web Apps to SV1-VA1_Master Plan [Multiple'),
(42, 'Migration of Voice-Web Apps to SV1-VA1_Master Plan [Multiple'),
(43, 'Migration of Voice-Web Apps to SV1-VA1_Master Plan [Multiple'),
(44, 'Migration of Voice-Web Apps to SV1-VA1_Master Plan [Multiple'),
(45, 'Migration of Voice-Web Apps to SV1-VA1_Master Plan [Multiple'),
(46, 'Migration of Voice-Web Apps to SV1-VA1_Master Plan [Multiple'),
(47, 'Migration of Voice-Web Apps to SV1-VA1_Master Plan [Multiple'),
(48, 'Migration of Voice-Web Apps to SV1-VA1_Master Plan [Multiple'),
(49, 'Migration of Voice-Web Apps to SV1-VA1_Master Plan [Multiple'),
(50, 'Migration of Voice-Web Apps to SV1-VA1_Master Plan [Multiple'),
(51, 'Migration of Voice-Web Apps to SV1-VA1_Master Plan [Multiple'),
(52, 'Migration of Voice-Web Apps to SV1-VA1_Master Plan [Multiple'),
(53, 'Migration of Voice-Web Apps to SV1-VA1_Master Plan [Multiple'),
(54, 'Migration of Voice-Web Apps to SV1-VA1_Master Plan [Multiple'),
(55, 'Migration of Voice-Web Apps to SV1-VA1_Master Plan [Multiple'),
(56, 'Migration of Voice-Web Apps to SV1-VA1_Master Plan [Multiple'),
(57, 'Migration of Voice-Web Apps to SV1-VA1_Master Plan [Multiple'),
(58, 'Migration of Voice-Web Apps to SV1-VA1_Master Plan [Multiple'),
(59, 'Migration of Voice-Web Apps to SV1-VA1_Master Plan [Multiple'),
(60, 'Migration of Voice-Web Apps to SV1-VA1_Master Plan [Multiple'),
(61, 'Migration of Voice-Web Apps to SV1-VA1_Master Plan [Multiple'),
(62, 'Migration of Voice-Web Apps to SV1-VA1_Master Plan [Multiple'),
(63, 'Migration of Voice-Web Apps to SV1-VA1_Master Plan [Multiple'),
(64, 'Migration of Voice-Web Apps to SV1-VA1_Master Plan [Multiple'),
(65, 'Migration of Voice-Web Apps to SV1-VA1_Master Plan [Multiple'),
(66, 'Migration of Voice-Web Apps to SV1-VA1_Master Plan [Multiple'),
(67, 'Migration of Voice-Web Apps to SV1-VA1_Master Plan [Multiple'),
(68, 'Vail - Voxify Migration'),
(69, 'Farmers [PA21 release - R208358 - FARM EPSCLS]'),
(70, 'Limited Brands Speech Engine Upgrade'),
(71, 'metroPCS [20150105 611 e911 CRs]'),
(72, 'metroPCS [611 CR186750 Feature Conflict Management]'),
(73, 'metroPCS [mpcs-611 phase 1 tuning]'),
(74, 'metroPCS [PRL Download star228] 20140723'),
(75, 'NG-TS - Routing Updates CR R179808'),
(76, 'The Hartford [Authentication Improvements R196026]'),
(77, 'The Hartford [BI DTMF R177128]'),
(78, 'The Hartford [Billing DTMF R181449]'),
(79, 'The Hartford [Billing DTMF R181449]_V2'),
(80, 'The Hartford [Client Support]'),
(81, 'The Hartford [ESP BI DTMF R177128]'),
(82, 'The Hartford [HIG-Survey Interdigit timeout fix]'),
(83, 'The Hartford [Nonbaregable Legal Disclaimer R214365]'),
(84, 'The Hartford [PL iCFD DTMF R181447]'),
(85, 'The Hartford [PL-iCFD Authentication Improvements R196026]'),
(86, 'The Hartford [Remove confirmation phrases R217516]'),
(87, 'ABG AUNZ [Client Support]');

-- --------------------------------------------------------

--
-- Table structure for table `sched`
--

CREATE TABLE IF NOT EXISTS `sched` (
  `sched_id` int(11) NOT NULL,
  `user_id` int(30) NOT NULL,
  `project_id` int(3) NOT NULL,
  `fromdate` datetime NOT NULL,
  `todate` datetime NOT NULL,
  `allocation` int(3) NOT NULL
) ENGINE=InnoDB AUTO_INCREMENT=664 DEFAULT CHARSET=latin1;

--
-- Dumping data for table `sched`
--

INSERT INTO `sched` (`sched_id`, `user_id`, `project_id`, `fromdate`, `todate`, `allocation`) VALUES
(1, 5, 1, '2015-08-06 00:00:00', '2015-08-11 00:00:00', 0),
(2, 5, 1, '2015-08-06 00:00:00', '2015-08-06 00:00:00', 0),
(3, 5, 1, '2015-08-13 00:00:00', '2015-08-13 00:00:00', 0),
(4, 5, 1, '2015-08-18 00:00:00', '2015-08-18 00:00:00', 0),
(5, 5, 1, '2015-08-20 00:00:00', '2015-08-20 00:00:00', 0),
(6, 5, 1, '2015-08-25 00:00:00', '2015-08-25 00:00:00', 0),
(7, 5, 1, '2015-08-27 00:00:00', '2015-08-27 00:00:00', 0),
(8, 5, 1, '2015-09-01 00:00:00', '2015-09-01 00:00:00', 0),
(9, 5, 1, '2015-08-31 00:00:00', '2015-09-02 00:00:00', 0),
(10, 5, 1, '2015-08-28 00:00:00', '2015-08-31 00:00:00', 0),
(11, 5, 1, '2015-09-03 00:00:00', '2015-09-03 00:00:00', 0),
(12, 5, 1, '2015-09-08 00:00:00', '2015-09-08 00:00:00', 0),
(13, 5, 1, '2015-09-10 00:00:00', '2015-09-10 00:00:00', 0),
(14, 5, 1, '2015-09-15 00:00:00', '2015-09-15 00:00:00', 0),
(15, 5, 1, '2015-09-17 00:00:00', '2015-09-17 00:00:00', 0),
(16, 5, 1, '2015-09-22 00:00:00', '2015-09-22 00:00:00', 0),
(17, 5, 1, '2015-09-21 00:00:00', '2015-09-23 00:00:00', 0),
(18, 1, 2, '2015-05-11 00:00:00', '2015-05-11 00:00:00', 100),
(19, 1, 2, '2015-06-22 00:00:00', '2015-06-25 00:00:00', 100),
(20, 1, 2, '2015-07-29 00:00:00', '2015-07-29 00:00:00', 0),
(21, 1, 2, '2015-07-23 00:00:00', '2015-07-23 00:00:00', 0),
(22, 1, 2, '2015-07-23 00:00:00', '2015-07-23 00:00:00', 0),
(23, 1, 2, '2015-07-30 00:00:00', '2015-07-30 00:00:00', 0),
(24, 1, 2, '2015-06-29 00:00:00', '2015-06-30 00:00:00', 0),
(25, 1, 2, '2015-07-13 00:00:00', '2015-07-13 00:00:00', 0),
(26, 1, 2, '2015-07-13 00:00:00', '2015-07-14 00:00:00', 0),
(27, 1, 2, '2015-07-20 00:00:00', '2015-07-21 00:00:00', 0),
(28, 1, 2, '2015-07-21 00:00:00', '2015-07-21 00:00:00', 0),
(29, 1, 2, '2015-06-25 00:00:00', '2015-06-25 00:00:00', 0),
(30, 1, 2, '2015-07-30 00:00:00', '2015-07-30 00:00:00', 0),
(31, 1, 2, '2015-05-19 00:00:00', '2015-05-19 00:00:00', 0),
(32, 1, 2, '2015-05-19 00:00:00', '2015-05-19 00:00:00', 100),
(33, 0, 3, '2015-02-26 00:00:00', '2015-03-09 00:00:00', 100),
(34, 1, 4, '2015-02-26 00:00:00', '2015-02-27 00:00:00', 100),
(35, 1, 4, '2015-03-04 00:00:00', '2015-03-09 00:00:00', 100),
(36, 0, 3, '2015-05-07 00:00:00', '2015-08-13 00:00:00', 0),
(37, 1, 5, '2015-08-13 00:00:00', '2015-08-13 00:00:00', 0),
(38, 1, 5, '2015-05-21 00:00:00', '2015-05-21 00:00:00', 0),
(39, 1, 5, '2015-05-07 00:00:00', '2015-05-07 00:00:00', 0),
(40, 1, 5, '2015-06-09 00:00:00', '2015-06-22 00:00:00', 0),
(41, 1, 5, '2015-05-21 00:00:00', '2015-05-21 00:00:00', 0),
(42, 1, 5, '2015-08-12 00:00:00', '2015-08-12 00:00:00', 0),
(43, 1, 5, '2015-08-11 00:00:00', '2015-08-11 00:00:00', 0),
(44, 1, 5, '2015-08-11 00:00:00', '2015-08-11 00:00:00', 0),
(45, 1, 5, '2015-07-31 00:00:00', '2015-08-03 00:00:00', 0),
(46, 1, 5, '2015-08-03 00:00:00', '2015-08-03 00:00:00', 0),
(47, 1, 5, '2015-08-03 00:00:00', '2015-08-03 00:00:00', 0),
(48, 1, 5, '2015-08-10 00:00:00', '2015-08-10 00:00:00', 0),
(49, 1, 5, '2015-08-10 00:00:00', '2015-08-11 00:00:00', 0),
(50, 1, 5, '2015-08-10 00:00:00', '2015-08-10 00:00:00', 0),
(51, 1, 5, '2015-07-28 00:00:00', '2015-07-28 00:00:00', 0),
(52, 1, 5, '2015-07-28 00:00:00', '2015-07-28 00:00:00', 0),
(53, 1, 5, '2015-08-13 00:00:00', '2015-08-13 00:00:00', 0),
(54, 1, 5, '2015-05-21 00:00:00', '2015-05-21 00:00:00', 0),
(55, 1, 5, '2015-06-24 00:00:00', '2015-06-24 00:00:00', 0),
(56, 1, 5, '2015-06-23 00:00:00', '2015-06-24 00:00:00', 0),
(57, 1, 5, '2015-07-01 00:00:00', '2015-07-06 00:00:00', 0),
(58, 1, 5, '2015-07-06 00:00:00', '2015-07-07 00:00:00', 0),
(59, 1, 5, '2015-07-06 00:00:00', '2015-07-06 00:00:00', 0),
(60, 1, 5, '2015-07-14 00:00:00', '2015-07-16 00:00:00', 0),
(61, 1, 5, '2015-07-16 00:00:00', '2015-07-16 00:00:00', 0),
(62, 1, 5, '2015-07-23 00:00:00', '2015-07-23 00:00:00', 0),
(63, 1, 5, '2015-07-16 00:00:00', '2015-07-16 00:00:00', 0),
(64, 1, 5, '2015-07-22 00:00:00', '2015-07-23 00:00:00', 0),
(65, 1, 5, '2015-07-23 00:00:00', '2015-07-23 00:00:00', 0),
(66, 1, 5, '2015-07-21 00:00:00', '2015-07-22 00:00:00', 0),
(67, 1, 5, '2015-05-29 00:00:00', '2015-05-29 00:00:00', 0),
(68, 1, 5, '2015-06-09 00:00:00', '2015-06-09 00:00:00', 0),
(69, 0, 3, '2014-06-23 00:00:00', '2014-06-23 00:00:00', 0),
(70, 1, 6, '2015-01-15 00:00:00', '2015-01-15 00:00:00', 100),
(71, 1, 6, '2015-01-15 00:00:00', '2015-01-15 00:00:00', 100),
(72, 1, 6, '2015-01-14 00:00:00', '2015-01-14 00:00:00', 100),
(73, 1, 6, '2015-06-17 00:00:00', '2015-06-17 00:00:00', 0),
(74, 1, 6, '2015-01-08 00:00:00', '2015-01-08 00:00:00', 100),
(75, 1, 6, '2015-03-31 00:00:00', '2015-03-31 00:00:00', 100),
(76, 1, 6, '2015-04-01 00:00:00', '2015-04-08 00:00:00', 100),
(77, 1, 6, '2015-03-24 00:00:00', '2015-03-31 00:00:00', 100),
(78, 1, 6, '2015-04-08 00:00:00', '2015-04-13 00:00:00', 100),
(79, 1, 6, '2015-03-31 00:00:00', '2015-04-08 00:00:00', 100),
(80, 1, 6, '2015-03-16 00:00:00', '2015-03-23 00:00:00', 100),
(81, 1, 6, '2015-04-14 00:00:00', '2015-04-17 00:00:00', 100),
(82, 1, 6, '2015-01-08 00:00:00', '2015-01-08 00:00:00', 100),
(83, 1, 6, '2014-12-23 00:00:00', '2014-01-05 00:00:00', 100),
(84, 1, 6, '2015-02-20 00:00:00', '2015-02-20 00:00:00', 100),
(85, 1, 6, '2015-01-08 00:00:00', '2015-01-08 00:00:00', 100),
(86, 1, 6, '2015-05-04 00:00:00', '2015-05-07 00:00:00', 0),
(87, 1, 6, '2015-05-11 00:00:00', '2015-05-12 00:00:00', 0),
(88, 1, 6, '2015-01-07 00:00:00', '2015-01-08 00:00:00', 100),
(89, 1, 6, '2015-05-04 00:00:00', '2015-05-04 00:00:00', 0),
(90, 1, 6, '2015-04-13 00:00:00', '2015-04-13 00:00:00', 100),
(91, 1, 6, '2015-05-07 00:00:00', '2015-05-07 00:00:00', 0),
(92, 1, 6, '2015-05-07 00:00:00', '2015-05-08 00:00:00', 0),
(93, 1, 6, '2015-06-05 00:00:00', '2015-06-05 00:00:00', 0),
(94, 1, 6, '2015-06-05 00:00:00', '2015-06-08 00:00:00', 0),
(95, 1, 6, '2015-05-14 00:00:00', '2015-05-15 00:00:00', 0),
(96, 1, 6, '2015-05-18 00:00:00', '2015-05-19 00:00:00', 0),
(97, 1, 6, '2015-05-27 00:00:00', '2015-05-28 00:00:00', 0),
(98, 1, 6, '2015-05-29 00:00:00', '2015-06-01 00:00:00', 0),
(99, 1, 6, '2015-06-03 00:00:00', '2015-06-05 00:00:00', 0),
(100, 1, 6, '2015-06-02 00:00:00', '2015-06-02 00:00:00', 0),
(101, 1, 6, '2015-06-18 00:00:00', '2015-06-18 00:00:00', 0),
(102, 1, 6, '2015-06-17 00:00:00', '2015-06-17 00:00:00', 0),
(103, 1, 6, '2015-06-22 00:00:00', '2015-06-22 00:00:00', 0),
(104, 1, 6, '2015-06-22 00:00:00', '2015-06-23 00:00:00', 0),
(105, 1, 6, '2015-06-18 00:00:00', '2015-06-19 00:00:00', 0),
(106, 1, 6, '2015-06-19 00:00:00', '2015-06-22 00:00:00', 0),
(107, 1, 6, '2015-04-06 00:00:00', '2015-04-06 00:00:00', 100),
(108, 1, 6, '2014-06-23 00:00:00', '2014-06-23 00:00:00', 100),
(109, 1, 6, '2015-03-05 00:00:00', '2015-03-05 00:00:00', 100),
(110, 1, 6, '2015-04-22 00:00:00', '2015-04-22 00:00:00', 0),
(111, 1, 6, '2015-04-29 00:00:00', '2015-04-29 00:00:00', 0),
(112, 1, 6, '2015-05-06 00:00:00', '2015-05-06 00:00:00', 0),
(113, 1, 6, '2015-05-13 00:00:00', '2015-05-13 00:00:00', 0),
(114, 1, 6, '2015-05-20 00:00:00', '2015-05-20 00:00:00', 0),
(115, 1, 6, '2015-05-27 00:00:00', '2015-05-27 00:00:00', 0),
(116, 1, 6, '2015-06-03 00:00:00', '2015-06-03 00:00:00', 0),
(117, 1, 6, '2015-06-10 00:00:00', '2015-06-10 00:00:00', 0),
(118, 1, 6, '2015-03-19 00:00:00', '2015-03-19 00:00:00', 100),
(119, 1, 6, '2015-03-04 00:00:00', '2015-03-04 00:00:00', 0),
(120, 1, 6, '2015-03-11 00:00:00', '2015-03-11 00:00:00', 0),
(121, 1, 6, '2015-03-19 00:00:00', '2015-03-19 00:00:00', 0),
(122, 1, 6, '2015-03-25 00:00:00', '2015-03-25 00:00:00', 0),
(123, 1, 6, '2015-04-01 00:00:00', '2015-04-01 00:00:00', 0),
(124, 1, 6, '2015-04-08 00:00:00', '2015-04-08 00:00:00', 0),
(125, 1, 6, '2015-04-15 00:00:00', '2015-04-15 00:00:00', 0),
(126, 0, 3, '2015-06-02 00:00:00', '2015-12-08 00:00:00', 0),
(127, 1, 1, '2015-06-02 00:00:00', '2015-06-02 00:00:00', 0),
(128, 1, 1, '2015-10-13 00:00:00', '2015-10-19 00:00:00', 0),
(129, 1, 1, '2015-11-09 00:00:00', '2015-11-12 00:00:00', 0),
(130, 1, 1, '2015-12-03 00:00:00', '2015-12-08 00:00:00', 0),
(131, 1, 1, '2015-08-06 00:00:00', '2015-08-11 00:00:00', 0),
(132, 1, 1, '2015-09-01 00:00:00', '2015-09-03 00:00:00', 0),
(133, 1, 1, '2015-09-21 00:00:00', '2015-09-23 00:00:00', 0),
(134, 0, 3, '2015-05-15 00:00:00', '2015-05-15 00:00:00', 0),
(135, 1, 7, '2015-05-15 00:00:00', '2015-05-15 00:00:00', 0),
(136, 1, 7, '2015-05-15 00:00:00', '2015-05-15 00:00:00', 0),
(137, 1, 7, '2015-05-15 00:00:00', '2015-05-15 00:00:00', 0),
(138, 1, 7, '2015-05-15 00:00:00', '2015-05-15 00:00:00', 0),
(139, 0, 3, '2015-06-29 00:00:00', '2015-07-09 00:00:00', 0),
(140, 1, 8, '2015-07-09 00:00:00', '2015-07-09 00:00:00', 0),
(141, 1, 8, '2015-06-29 00:00:00', '2015-06-29 00:00:00', 0),
(142, 1, 8, '2015-07-09 00:00:00', '2015-07-09 00:00:00', 0),
(143, 1, 8, '2015-07-08 00:00:00', '2015-07-08 00:00:00', 0),
(144, 1, 8, '2015-07-08 00:00:00', '2015-07-08 00:00:00', 0),
(145, 1, 8, '2015-07-08 00:00:00', '2015-07-08 00:00:00', 0),
(146, 1, 8, '2015-07-09 00:00:00', '2015-07-09 00:00:00', 0),
(147, 1, 8, '2015-06-29 00:00:00', '2015-06-30 00:00:00', 0),
(148, 0, 3, '2015-03-11 00:00:00', '2015-05-20 00:00:00', 100),
(149, 1, 9, '2015-05-20 00:00:00', '2015-05-20 00:00:00', 100),
(150, 1, 9, '2015-03-31 00:00:00', '2015-03-31 00:00:00', 100),
(151, 1, 9, '2015-04-10 00:00:00', '2015-04-10 00:00:00', 100),
(152, 1, 9, '2015-05-20 00:00:00', '2015-05-20 00:00:00', 100),
(153, 1, 9, '2015-03-11 00:00:00', '2015-03-11 00:00:00', 100),
(154, 1, 9, '2015-05-20 00:00:00', '2015-05-20 00:00:00', 100),
(155, 1, 9, '2015-05-19 00:00:00', '2015-05-19 00:00:00', 100),
(156, 1, 9, '2015-05-19 00:00:00', '2015-05-20 00:00:00', 100),
(157, 1, 9, '2015-04-28 00:00:00', '2015-04-28 00:00:00', 100),
(158, 1, 9, '2015-04-29 00:00:00', '2015-04-29 00:00:00', 100),
(159, 1, 9, '2015-03-11 00:00:00', '2015-03-11 00:00:00', 100),
(160, 1, 9, '2015-04-20 00:00:00', '2015-04-20 00:00:00', 100),
(161, 1, 9, '2015-04-24 00:00:00', '2015-04-24 00:00:00', 100),
(162, 1, 9, '2015-04-27 00:00:00', '2015-04-28 00:00:00', 100),
(163, 1, 9, '2015-04-10 00:00:00', '2015-04-10 00:00:00', 100),
(164, 0, 3, '2015-02-06 00:00:00', '2015-03-04 00:00:00', 100),
(165, 1, 10, '2015-03-04 00:00:00', '2015-03-04 00:00:00', 100),
(166, 1, 10, '2015-02-06 00:00:00', '2015-02-06 00:00:00', 100),
(167, 1, 10, '2015-02-06 00:00:00', '2015-02-09 00:00:00', 100),
(168, 0, 3, '2015-04-06 00:00:00', '2015-06-09 00:00:00', 1),
(169, 1, 11, '2015-04-06 00:00:00', '2015-06-09 00:00:00', 1),
(170, 0, 3, '2015-02-06 00:00:00', '2015-04-14 00:00:00', 0),
(171, 1, 12, '2015-03-11 00:00:00', '2015-03-11 00:00:00', 0),
(172, 1, 12, '2015-03-26 00:00:00', '2015-03-27 00:00:00', 0),
(173, 1, 12, '2015-02-11 00:00:00', '2015-02-11 00:00:00', 0),
(174, 1, 12, '2015-02-06 00:00:00', '2015-02-10 00:00:00', 0),
(175, 1, 12, '2015-04-14 00:00:00', '2015-04-14 00:00:00', 0),
(176, 1, 12, '2015-03-06 00:00:00', '2015-03-09 00:00:00', 0),
(177, 1, 12, '2015-03-10 00:00:00', '2015-03-10 00:00:00', 0),
(178, 1, 12, '2015-02-20 00:00:00', '2015-02-23 00:00:00', 0),
(179, 1, 12, '2015-02-17 00:00:00', '2015-02-17 00:00:00', 0),
(180, 0, 3, '2015-02-02 00:00:00', '2015-02-18 00:00:00', 0),
(181, 1, 13, '2015-02-05 00:00:00', '2015-02-05 00:00:00', 0),
(182, 1, 13, '2015-02-16 00:00:00', '2015-02-18 00:00:00', 0),
(183, 1, 13, '2015-02-13 00:00:00', '2015-02-16 00:00:00', 0),
(184, 1, 13, '2015-02-05 00:00:00', '2015-02-05 00:00:00', 0),
(185, 1, 13, '2015-02-02 00:00:00', '2015-02-02 00:00:00', 0),
(186, 1, 13, '2015-02-02 00:00:00', '2015-02-02 00:00:00', 0),
(187, 1, 13, '2015-02-02 00:00:00', '2015-02-02 00:00:00', 0),
(188, 1, 13, '2015-02-02 00:00:00', '2015-02-02 00:00:00', 0),
(189, 1, 13, '2015-02-17 00:00:00', '2015-02-17 00:00:00', 0),
(190, 1, 13, '2015-02-02 00:00:00', '2015-02-02 00:00:00', 0),
(191, 1, 13, '2015-02-16 00:00:00', '2015-02-16 00:00:00', 0),
(192, 1, 13, '2015-02-17 00:00:00', '2015-02-17 00:00:00', 0),
(193, 1, 13, '2015-02-18 00:00:00', '2015-02-18 00:00:00', 0),
(194, 0, 3, '2015-02-10 00:00:00', '2015-03-04 00:00:00', 100),
(195, 1, 14, '2015-03-03 00:00:00', '2015-03-03 00:00:00', 100),
(196, 1, 15, '2015-02-10 00:00:00', '2015-02-10 00:00:00', 100),
(197, 1, 16, '2015-03-04 00:00:00', '2015-03-04 00:00:00', 100),
(198, 1, 17, '2015-02-26 00:00:00', '2015-02-26 00:00:00', 100),
(199, 1, 18, '2015-02-27 00:00:00', '2015-02-27 00:00:00', 100),
(200, 1, 19, '2015-02-27 00:00:00', '2015-02-27 00:00:00', 100),
(201, 0, 3, '2015-03-03 00:00:00', '2015-04-13 00:00:00', 100),
(202, 1, 20, '2015-04-10 00:00:00', '2015-04-10 00:00:00', 100),
(203, 1, 20, '2015-04-10 00:00:00', '2015-04-13 00:00:00', 100),
(204, 1, 20, '2015-03-31 00:00:00', '2015-04-01 00:00:00', 100),
(205, 1, 20, '2015-04-01 00:00:00', '2015-04-07 00:00:00', 100),
(206, 1, 20, '2015-03-11 00:00:00', '2015-03-12 00:00:00', 100),
(207, 1, 20, '2015-03-17 00:00:00', '2015-03-18 00:00:00', 100),
(208, 1, 20, '2015-03-18 00:00:00', '2015-03-18 00:00:00', 100),
(209, 1, 20, '2015-03-12 00:00:00', '2015-03-13 00:00:00', 100),
(210, 1, 20, '2015-03-16 00:00:00', '2015-03-16 00:00:00', 100),
(211, 1, 20, '2015-03-17 00:00:00', '2015-03-17 00:00:00', 100),
(212, 1, 20, '2015-03-18 00:00:00', '2015-03-20 00:00:00', 100),
(213, 1, 20, '2015-03-25 00:00:00', '2015-03-26 00:00:00', 100),
(214, 1, 20, '2015-03-26 00:00:00', '2015-03-26 00:00:00', 100),
(215, 1, 20, '2015-03-20 00:00:00', '2015-03-20 00:00:00', 100),
(216, 1, 20, '2015-03-23 00:00:00', '2015-03-24 00:00:00', 100),
(217, 1, 20, '2015-03-24 00:00:00', '2015-03-25 00:00:00', 100),
(218, 1, 20, '2015-03-03 00:00:00', '2015-03-04 00:00:00', 100),
(219, 1, 20, '2015-03-10 00:00:00', '2015-03-11 00:00:00', 100),
(220, 1, 20, '2015-03-11 00:00:00', '2015-03-11 00:00:00', 100),
(221, 1, 20, '2015-03-05 00:00:00', '2015-03-05 00:00:00', 100),
(222, 1, 20, '2015-03-06 00:00:00', '2015-03-06 00:00:00', 100),
(223, 1, 20, '2015-03-09 00:00:00', '2015-03-09 00:00:00', 100),
(224, 0, 3, '2015-06-17 00:00:00', '2015-06-17 00:00:00', 0),
(225, 1, 21, '2015-06-17 00:00:00', '2015-06-17 00:00:00', 0),
(226, 0, 3, '2015-03-13 00:00:00', '2015-03-13 00:00:00', 100),
(227, 1, 22, '2015-03-13 00:00:00', '2015-03-13 00:00:00', 100),
(228, 0, 3, '2015-04-07 00:00:00', '2015-04-07 00:00:00', 100),
(229, 1, 23, '2015-04-07 00:00:00', '2015-04-07 00:00:00', 100),
(230, 0, 3, '2015-03-24 00:00:00', '2015-07-01 00:00:00', 0),
(231, 1, 24, '2015-06-09 00:00:00', '2015-06-09 00:00:00', 0),
(232, 1, 25, '2015-03-24 00:00:00', '2015-03-24 00:00:00', 0),
(233, 1, 26, '2015-03-24 00:00:00', '2015-03-24 00:00:00', 0),
(234, 1, 27, '2015-06-05 00:00:00', '2015-06-08 00:00:00', 0),
(235, 1, 28, '2015-05-12 00:00:00', '2015-05-13 00:00:00', 0),
(236, 1, 29, '2015-05-13 00:00:00', '2015-05-13 00:00:00', 0),
(237, 1, 30, '2015-05-13 00:00:00', '2015-05-14 00:00:00', 0),
(238, 1, 31, '2015-06-30 00:00:00', '2015-07-01 00:00:00', 0),
(239, 1, 32, '2015-04-22 00:00:00', '2015-04-22 00:00:00', 0),
(240, 1, 33, '2015-06-30 00:00:00', '2015-06-30 00:00:00', 0),
(241, 1, 34, '2015-03-24 00:00:00', '2015-03-24 00:00:00', 0),
(242, 1, 35, '2015-03-24 00:00:00', '2015-03-24 00:00:00', 0),
(243, 1, 36, '2015-06-26 00:00:00', '2015-06-29 00:00:00', 0),
(244, 1, 37, '2015-04-29 00:00:00', '2015-04-30 00:00:00', 0),
(245, 1, 38, '2015-04-30 00:00:00', '2015-04-30 00:00:00', 0),
(246, 1, 39, '2015-04-30 00:00:00', '2015-05-04 00:00:00', 0),
(247, 1, 40, '2015-06-30 00:00:00', '2015-07-01 00:00:00', 0),
(248, 1, 41, '2015-04-24 00:00:00', '2015-04-27 00:00:00', 0),
(249, 1, 42, '2015-06-11 00:00:00', '2015-06-11 00:00:00', 0),
(250, 1, 43, '2015-03-24 00:00:00', '2015-03-24 00:00:00', 0),
(251, 1, 44, '2015-03-24 00:00:00', '2015-03-24 00:00:00', 0),
(252, 1, 45, '2015-06-09 00:00:00', '2015-06-10 00:00:00', 0),
(253, 1, 46, '2015-05-14 00:00:00', '2015-05-15 00:00:00', 0),
(254, 1, 47, '2015-05-15 00:00:00', '2015-05-15 00:00:00', 0),
(255, 1, 48, '2015-05-15 00:00:00', '2015-05-15 00:00:00', 0),
(256, 1, 49, '2015-06-30 00:00:00', '2015-07-01 00:00:00', 0),
(257, 1, 50, '2015-04-22 00:00:00', '2015-04-23 00:00:00', 0),
(258, 1, 51, '2015-06-16 00:00:00', '2015-06-16 00:00:00', 0),
(259, 1, 52, '2015-03-24 00:00:00', '2015-03-24 00:00:00', 0),
(260, 1, 53, '2015-03-24 00:00:00', '2015-03-24 00:00:00', 0),
(261, 1, 54, '2015-06-11 00:00:00', '2015-06-15 00:00:00', 0),
(262, 1, 55, '2015-05-04 00:00:00', '2015-05-05 00:00:00', 0),
(263, 1, 56, '2015-05-05 00:00:00', '2015-05-05 00:00:00', 0),
(264, 1, 57, '2015-05-05 00:00:00', '2015-05-06 00:00:00', 0),
(265, 1, 58, '2015-06-30 00:00:00', '2015-07-01 00:00:00', 0),
(266, 1, 59, '2015-04-23 00:00:00', '2015-04-24 00:00:00', 0),
(267, 1, 60, '2015-06-05 00:00:00', '2015-06-05 00:00:00', 0),
(268, 1, 61, '2015-05-18 00:00:00', '2015-05-19 00:00:00', 0),
(269, 1, 62, '2015-06-03 00:00:00', '2015-06-04 00:00:00', 0),
(270, 1, 63, '2015-05-27 00:00:00', '2015-05-28 00:00:00', 0),
(271, 1, 64, '2015-05-28 00:00:00', '2015-05-28 00:00:00', 0),
(272, 1, 65, '2015-05-28 00:00:00', '2015-05-28 00:00:00', 0),
(273, 1, 66, '2015-06-30 00:00:00', '2015-07-01 00:00:00', 0),
(274, 1, 67, '2015-05-19 00:00:00', '2015-05-20 00:00:00', 0),
(275, 0, 3, '2015-02-24 00:00:00', '2015-07-17 00:00:00', 0),
(276, 1, 68, '2015-07-17 00:00:00', '2015-07-17 00:00:00', 0),
(277, 1, 68, '2015-03-03 00:00:00', '2015-03-16 00:00:00', 100),
(278, 1, 68, '2015-07-17 00:00:00', '2015-07-17 00:00:00', 0),
(279, 1, 68, '2015-07-17 00:00:00', '2015-07-17 00:00:00', 0),
(280, 1, 68, '2015-04-07 00:00:00', '2015-04-07 00:00:00', 100),
(281, 1, 68, '2015-07-14 00:00:00', '2015-07-14 00:00:00', 0),
(282, 1, 68, '2015-07-14 00:00:00', '2015-07-14 00:00:00', 0),
(283, 1, 68, '2015-07-14 00:00:00', '2015-07-14 00:00:00', 0),
(284, 1, 68, '2015-07-14 00:00:00', '2015-07-14 00:00:00', 0),
(285, 1, 68, '2015-07-07 00:00:00', '2015-07-07 00:00:00', 0),
(286, 1, 68, '2015-07-07 00:00:00', '2015-07-07 00:00:00', 0),
(287, 1, 68, '2015-02-24 00:00:00', '2015-02-24 00:00:00', 100),
(288, 1, 68, '2015-03-17 00:00:00', '2015-03-18 00:00:00', 100),
(289, 1, 68, '2015-07-06 00:00:00', '2015-07-06 00:00:00', 0),
(290, 1, 68, '2015-07-06 00:00:00', '2015-07-06 00:00:00', 0),
(291, 1, 68, '2015-07-06 00:00:00', '2015-07-06 00:00:00', 0),
(292, 1, 68, '2015-07-07 00:00:00', '2015-07-07 00:00:00', 0),
(293, 0, 3, '2015-05-15 00:00:00', '2015-09-04 00:00:00', 0),
(294, 0, 3, '2015-05-19 00:00:00', '2015-07-23 00:00:00', 0),
(295, 3, 2, '2015-05-19 00:00:00', '2015-05-19 00:00:00', 0),
(296, 3, 2, '2015-06-22 00:00:00', '2015-06-29 00:00:00', 100),
(297, 3, 2, '2015-07-23 00:00:00', '2015-07-23 00:00:00', 0),
(298, 3, 2, '2015-07-23 00:00:00', '2015-07-23 00:00:00', 0),
(299, 3, 2, '2015-06-29 00:00:00', '2015-06-30 00:00:00', 0),
(300, 3, 2, '2015-07-13 00:00:00', '2015-07-13 00:00:00', 0),
(301, 3, 2, '2015-07-13 00:00:00', '2015-07-14 00:00:00', 0),
(302, 3, 2, '2015-07-20 00:00:00', '2015-07-21 00:00:00', 0),
(303, 3, 2, '2015-07-21 00:00:00', '2015-07-21 00:00:00', 0),
(304, 3, 2, '2015-06-25 00:00:00', '2015-06-26 00:00:00', 0),
(305, 3, 2, '2015-05-19 00:00:00', '2015-05-19 00:00:00', 0),
(306, 0, 3, '2015-05-18 00:00:00', '2015-06-08 00:00:00', 0),
(307, 3, 6, '2015-06-05 00:00:00', '2015-06-05 00:00:00', 0),
(308, 3, 6, '2015-06-05 00:00:00', '2015-06-08 00:00:00', 0),
(309, 3, 6, '2015-05-18 00:00:00', '2015-05-19 00:00:00', 0),
(310, 3, 6, '2015-05-27 00:00:00', '2015-05-27 00:00:00', 0),
(311, 3, 6, '2015-05-29 00:00:00', '2015-06-01 00:00:00', 0),
(312, 3, 6, '2015-06-03 00:00:00', '2015-06-05 00:00:00', 0),
(313, 3, 6, '2015-06-02 00:00:00', '2015-06-02 00:00:00', 0),
(314, 0, 3, '2015-05-15 00:00:00', '2015-05-15 00:00:00', 0),
(315, 3, 7, '2015-05-15 00:00:00', '2015-05-15 00:00:00', 0),
(316, 3, 7, '2015-05-15 00:00:00', '2015-05-15 00:00:00', 0),
(317, 3, 7, '2015-05-15 00:00:00', '2015-05-15 00:00:00', 0),
(318, 3, 7, '2015-05-15 00:00:00', '2015-05-15 00:00:00', 0),
(319, 0, 3, '2015-06-16 00:00:00', '2015-08-03 00:00:00', 0),
(320, 3, 69, '2015-06-16 00:00:00', '2015-06-23 00:00:00', 0),
(321, 3, 69, '2015-08-03 00:00:00', '2015-08-03 00:00:00', 0),
(322, 3, 69, '2015-07-28 00:00:00', '2015-07-29 00:00:00', 0),
(323, 3, 69, '2015-07-29 00:00:00', '2015-07-29 00:00:00', 0),
(324, 3, 69, '2015-07-21 00:00:00', '2015-07-27 00:00:00', 0),
(325, 3, 69, '2015-07-27 00:00:00', '2015-07-27 00:00:00', 0),
(326, 3, 69, '2015-07-09 00:00:00', '2015-07-09 00:00:00', 0),
(327, 3, 69, '2015-07-09 00:00:00', '2015-07-09 00:00:00', 0),
(328, 3, 69, '2015-06-23 00:00:00', '2015-06-23 00:00:00', 0),
(329, 3, 69, '2015-06-26 00:00:00', '2015-06-30 00:00:00', 0),
(330, 3, 69, '2015-06-30 00:00:00', '2015-06-30 00:00:00', 0),
(331, 3, 69, '2015-07-06 00:00:00', '2015-07-08 00:00:00', 0),
(332, 3, 69, '2015-07-08 00:00:00', '2015-07-08 00:00:00', 0),
(333, 0, 3, '2015-06-26 00:00:00', '2015-09-04 00:00:00', 0),
(334, 3, 70, '2015-09-04 00:00:00', '2015-09-04 00:00:00', 0),
(335, 3, 70, '2015-07-14 00:00:00', '2015-07-14 00:00:00', 0),
(336, 3, 70, '2015-06-26 00:00:00', '2015-06-26 00:00:00', 0),
(337, 3, 70, '2015-07-23 00:00:00', '2015-08-05 00:00:00', 0),
(338, 3, 70, '2015-07-14 00:00:00', '2015-07-14 00:00:00', 0),
(339, 3, 70, '2015-09-03 00:00:00', '2015-09-03 00:00:00', 0),
(340, 3, 70, '2015-08-31 00:00:00', '2015-08-31 00:00:00', 0),
(341, 3, 70, '2015-08-31 00:00:00', '2015-08-31 00:00:00', 0),
(342, 3, 70, '2015-08-31 00:00:00', '2015-08-31 00:00:00', 0),
(343, 3, 70, '2015-08-31 00:00:00', '2015-08-31 00:00:00', 0),
(344, 3, 70, '2015-08-25 00:00:00', '2015-08-25 00:00:00', 0),
(345, 3, 70, '2015-08-25 00:00:00', '2015-08-26 00:00:00', 0),
(346, 3, 70, '2015-09-04 00:00:00', '2015-09-04 00:00:00', 0),
(347, 3, 70, '2015-07-14 00:00:00', '2015-07-14 00:00:00', 0),
(348, 3, 70, '2015-08-05 00:00:00', '2015-08-06 00:00:00', 0),
(349, 3, 70, '2015-08-11 00:00:00', '2015-08-13 00:00:00', 0),
(350, 3, 70, '2015-08-13 00:00:00', '2015-08-14 00:00:00', 0),
(351, 3, 70, '2015-08-18 00:00:00', '2015-08-20 00:00:00', 0),
(352, 3, 70, '2015-08-20 00:00:00', '2015-08-24 00:00:00', 0),
(353, 3, 70, '2015-07-23 00:00:00', '2015-07-23 00:00:00', 0),
(354, 0, 3, '2014-06-29 00:00:00', '2014-03-27 00:00:00', 0),
(355, 0, 3, '2015-01-08 00:00:00', '2015-03-27 00:00:00', 0),
(356, 4, 71, '2015-02-27 00:00:00', '2015-02-27 00:00:00', 0),
(357, 4, 71, '2015-01-08 00:00:00', '2015-01-08 00:00:00', 0),
(358, 4, 71, '2015-01-28 00:00:00', '2015-02-03 00:00:00', 0),
(359, 4, 71, '2015-02-27 00:00:00', '2015-02-27 00:00:00', 0),
(360, 4, 71, '2015-02-26 00:00:00', '2015-02-26 00:00:00', 0),
(361, 4, 71, '2015-02-13 00:00:00', '2015-02-16 00:00:00', 0),
(362, 4, 71, '2015-02-18 00:00:00', '2015-02-20 00:00:00', 0),
(363, 4, 71, '2015-02-11 00:00:00', '2015-02-11 00:00:00', 0),
(364, 4, 71, '2015-02-11 00:00:00', '2015-02-11 00:00:00', 0),
(365, 4, 71, '2015-03-27 00:00:00', '2015-03-27 00:00:00', 0),
(366, 4, 71, '2015-02-03 00:00:00', '2015-02-03 00:00:00', 0),
(367, 4, 71, '2015-02-04 00:00:00', '2015-02-05 00:00:00', 0),
(368, 4, 71, '2015-02-05 00:00:00', '2015-02-06 00:00:00', 0),
(369, 0, 3, '2014-07-14 00:00:00', '2014-08-06 00:00:00', 0),
(370, 4, 72, '2014-08-06 00:00:00', '2014-08-06 00:00:00', 0),
(371, 4, 72, '2014-07-14 00:00:00', '2014-07-14 00:00:00', 0),
(372, 4, 72, '2014-07-22 00:00:00', '2014-07-23 00:00:00', 0),
(373, 4, 72, '2014-08-06 00:00:00', '2014-08-06 00:00:00', 0),
(374, 4, 72, '2014-08-05 00:00:00', '2014-08-05 00:00:00', 0),
(375, 4, 72, '2014-07-25 00:00:00', '2014-07-25 00:00:00', 0),
(376, 4, 72, '2014-07-25 00:00:00', '2014-07-25 00:00:00', 0),
(377, 4, 72, '2014-07-24 00:00:00', '2014-07-24 00:00:00', 0),
(378, 4, 72, '2014-07-24 00:00:00', '2014-07-25 00:00:00', 0),
(379, 4, 72, '2014-07-25 00:00:00', '2014-07-25 00:00:00', 0),
(380, 4, 72, '2014-07-25 00:00:00', '2014-07-25 00:00:00', 0),
(381, 4, 72, '2014-07-25 00:00:00', '2014-07-25 00:00:00', 0),
(382, 4, 72, '2014-07-30 00:00:00', '2014-07-30 00:00:00', 0),
(383, 4, 72, '2014-07-30 00:00:00', '2014-07-30 00:00:00', 0),
(384, 4, 72, '2014-07-30 00:00:00', '2014-07-30 00:00:00', 0),
(385, 4, 72, '2014-07-30 00:00:00', '2014-07-30 00:00:00', 0),
(386, 0, 3, '2014-09-29 00:00:00', '2014-10-29 00:00:00', 100),
(387, 4, 73, '2014-10-29 00:00:00', '2014-10-29 00:00:00', 100),
(388, 4, 73, '2014-10-06 00:00:00', '2014-10-06 00:00:00', 100),
(389, 4, 73, '2014-10-21 00:00:00', '2014-10-21 00:00:00', 100),
(390, 4, 73, '2014-10-29 00:00:00', '2014-10-29 00:00:00', 100),
(391, 4, 73, '2014-09-29 00:00:00', '2014-09-29 00:00:00', 100),
(392, 4, 73, '2014-10-28 00:00:00', '2014-10-28 00:00:00', 100),
(393, 4, 73, '2014-10-28 00:00:00', '2014-10-28 00:00:00', 100),
(394, 4, 73, '2014-10-28 00:00:00', '2014-10-28 00:00:00', 100),
(395, 4, 73, '2014-10-21 00:00:00', '2014-10-21 00:00:00', 100),
(396, 4, 73, '2014-10-23 00:00:00', '2014-10-23 00:00:00', 100),
(397, 4, 73, '2014-10-27 00:00:00', '2014-10-27 00:00:00', 100),
(398, 4, 73, '2014-10-27 00:00:00', '2014-10-27 00:00:00', 100),
(399, 0, 3, '2014-08-04 00:00:00', '2014-08-29 00:00:00', 0),
(400, 4, 74, '2014-08-28 00:00:00', '2014-08-29 00:00:00', 0),
(401, 4, 74, '2014-08-04 00:00:00', '2014-08-11 00:00:00', 0),
(402, 4, 74, '2014-08-29 00:00:00', '2014-08-29 00:00:00', 0),
(403, 4, 74, '2014-08-27 00:00:00', '2014-08-27 00:00:00', 0),
(404, 4, 74, '2014-08-15 00:00:00', '2014-08-18 00:00:00', 0),
(405, 4, 74, '2014-08-18 00:00:00', '2014-08-18 00:00:00', 0),
(406, 4, 74, '2014-08-13 00:00:00', '2014-08-13 00:00:00', 0),
(407, 4, 74, '2014-08-14 00:00:00', '2014-08-15 00:00:00', 0),
(408, 4, 74, '2014-08-15 00:00:00', '2014-08-15 00:00:00', 0),
(409, 4, 74, '2014-08-22 00:00:00', '2014-08-22 00:00:00', 0),
(410, 4, 74, '2014-08-22 00:00:00', '2014-08-22 00:00:00', 0),
(411, 4, 74, '2014-08-22 00:00:00', '2014-08-22 00:00:00', 0),
(412, 4, 74, '2014-08-22 00:00:00', '2014-08-22 00:00:00', 0),
(413, 0, 3, '2014-11-17 00:00:00', '2014-01-05 00:00:00', 100),
(414, 4, 75, '2014-12-02 00:00:00', '2014-12-03 00:00:00', 100),
(415, 4, 75, '2015-01-05 00:00:00', '2015-01-05 00:00:00', 100),
(416, 4, 75, '2014-11-17 00:00:00', '2014-11-17 00:00:00', 100),
(417, 4, 75, '2014-12-17 00:00:00', '2014-12-17 00:00:00', 100),
(418, 4, 75, '2014-12-16 00:00:00', '2014-12-16 00:00:00', 100),
(419, 4, 75, '2014-12-16 00:00:00', '2014-12-16 00:00:00', 100),
(420, 4, 75, '2014-12-04 00:00:00', '2014-12-04 00:00:00', 100),
(421, 4, 75, '2014-12-16 00:00:00', '2014-12-16 00:00:00', 100),
(422, 4, 75, '2014-12-16 00:00:00', '2014-12-16 00:00:00', 100),
(423, 0, 3, '2014-08-20 00:00:00', '2014-09-16 00:00:00', 100),
(424, 4, 76, '2014-09-16 00:00:00', '2014-09-16 00:00:00', 100),
(425, 4, 76, '2014-08-20 00:00:00', '2014-08-20 00:00:00', 100),
(426, 4, 76, '2014-09-02 00:00:00', '2014-09-02 00:00:00', 100),
(427, 4, 76, '2014-09-16 00:00:00', '2014-09-16 00:00:00', 100),
(428, 4, 76, '2014-09-02 00:00:00', '2014-09-02 00:00:00', 100),
(429, 4, 76, '2014-09-15 00:00:00', '2014-09-15 00:00:00', 100),
(430, 4, 76, '2014-09-10 00:00:00', '2014-09-10 00:00:00', 100),
(431, 4, 76, '2014-09-10 00:00:00', '2014-09-10 00:00:00', 100),
(432, 4, 76, '2014-09-10 00:00:00', '2014-09-10 00:00:00', 100),
(433, 4, 76, '2014-09-10 00:00:00', '2014-09-10 00:00:00', 100),
(434, 4, 76, '2014-09-05 00:00:00', '2014-09-05 00:00:00', 100),
(435, 4, 76, '2014-09-05 00:00:00', '2014-09-05 00:00:00', 100),
(436, 4, 76, '2014-09-02 00:00:00', '2014-09-02 00:00:00', 100),
(437, 4, 76, '2014-09-03 00:00:00', '2014-09-03 00:00:00', 100),
(438, 4, 76, '2014-09-04 00:00:00', '2014-09-04 00:00:00', 100),
(439, 4, 76, '2014-09-04 00:00:00', '2014-09-04 00:00:00', 100),
(440, 4, 76, '2014-09-04 00:00:00', '2014-09-04 00:00:00', 100),
(441, 4, 76, '2014-09-04 00:00:00', '2014-09-04 00:00:00', 100),
(442, 0, 3, '2014-08-27 00:00:00', '2014-02-20 00:00:00', 100),
(443, 4, 77, '2015-01-19 00:00:00', '2015-01-19 00:00:00', 100),
(444, 4, 77, '2014-08-27 00:00:00', '2014-08-27 00:00:00', 100),
(445, 4, 77, '2014-09-22 00:00:00', '2014-09-22 00:00:00', 100),
(446, 4, 77, '2015-02-20 00:00:00', '2015-02-20 00:00:00', 100),
(447, 4, 77, '2014-08-27 00:00:00', '2014-08-27 00:00:00', 100),
(448, 4, 77, '2015-01-16 00:00:00', '2015-01-16 00:00:00', 100),
(449, 4, 77, '2014-11-18 00:00:00', '2014-11-18 00:00:00', 100),
(450, 4, 77, '2014-11-18 00:00:00', '2014-11-18 00:00:00', 100),
(451, 4, 77, '2014-11-03 00:00:00', '2014-11-03 00:00:00', 100),
(452, 4, 77, '2014-11-03 00:00:00', '2014-11-03 00:00:00', 100),
(453, 4, 77, '2014-11-06 00:00:00', '2014-11-07 00:00:00', 100),
(454, 4, 77, '2014-11-07 00:00:00', '2014-11-07 00:00:00', 100),
(455, 4, 77, '2014-11-17 00:00:00', '2014-11-17 00:00:00', 100),
(456, 4, 77, '2014-11-17 00:00:00', '2014-11-17 00:00:00', 100),
(457, 4, 77, '2014-08-27 00:00:00', '2014-08-27 00:00:00', 100),
(458, 4, 77, '2014-09-22 00:00:00', '2014-09-23 00:00:00', 100),
(459, 4, 77, '2014-10-01 00:00:00', '2014-10-02 00:00:00', 100),
(460, 4, 77, '2014-10-02 00:00:00', '2014-10-02 00:00:00', 100),
(461, 4, 77, '2014-10-08 00:00:00', '2014-10-09 00:00:00', 100),
(462, 4, 77, '2014-10-08 00:00:00', '2014-10-08 00:00:00', 100),
(463, 4, 77, '2014-10-14 00:00:00', '2014-10-14 00:00:00', 100),
(464, 4, 77, '2014-10-14 00:00:00', '2014-10-14 00:00:00', 100),
(465, 4, 77, '2014-10-15 00:00:00', '2014-10-15 00:00:00', 100),
(466, 4, 77, '2014-10-15 00:00:00', '2014-10-15 00:00:00', 100),
(467, 4, 77, '2014-10-16 00:00:00', '2014-10-16 00:00:00', 100),
(468, 4, 77, '2014-10-16 00:00:00', '2014-10-16 00:00:00', 100),
(469, 4, 77, '2014-10-20 00:00:00', '2014-10-20 00:00:00', 100),
(470, 4, 77, '2014-10-20 00:00:00', '2014-10-20 00:00:00', 100),
(471, 4, 77, '2014-12-04 00:00:00', '2014-12-05 00:00:00', 100),
(472, 4, 77, '2014-12-05 00:00:00', '2014-12-05 00:00:00', 100),
(473, 4, 77, '2014-12-12 00:00:00', '2014-12-16 00:00:00', 100),
(474, 4, 77, '2014-12-16 00:00:00', '2014-12-16 00:00:00', 100),
(475, 4, 77, '2015-01-06 00:00:00', '2015-01-07 00:00:00', 100),
(476, 4, 77, '2015-01-07 00:00:00', '2015-01-07 00:00:00', 100),
(477, 4, 77, '2015-01-07 00:00:00', '2015-01-08 00:00:00', 100),
(478, 4, 77, '2015-01-09 00:00:00', '2015-01-09 00:00:00', 100),
(479, 0, 3, '2014-08-28 00:00:00', '2014-01-20 00:00:00', 0),
(480, 4, 78, '2015-01-20 00:00:00', '2015-01-20 00:00:00', 0),
(481, 4, 78, '2014-08-28 00:00:00', '2014-08-28 00:00:00', 100),
(482, 4, 78, '2014-12-03 00:00:00', '2014-12-05 00:00:00', 0),
(483, 4, 78, '2015-01-20 00:00:00', '2015-01-20 00:00:00', 0),
(484, 4, 78, '2014-08-28 00:00:00', '2014-08-28 00:00:00', 0),
(485, 4, 78, '2015-01-19 00:00:00', '2015-01-19 00:00:00', 0),
(486, 4, 78, '2015-01-14 00:00:00', '2015-01-14 00:00:00', 0),
(487, 4, 78, '2015-01-14 00:00:00', '2015-01-14 00:00:00', 0),
(488, 4, 78, '2015-01-12 00:00:00', '2015-01-13 00:00:00', 0),
(489, 4, 78, '2015-01-13 00:00:00', '2015-01-13 00:00:00', 0),
(490, 4, 78, '2014-08-28 00:00:00', '2014-08-28 00:00:00', 100),
(491, 4, 78, '2014-12-05 00:00:00', '2014-12-08 00:00:00', 0),
(492, 4, 78, '2014-12-23 00:00:00', '2014-12-23 00:00:00', 0),
(493, 4, 78, '2014-12-23 00:00:00', '2014-12-26 00:00:00', 0),
(494, 4, 78, '2015-01-05 00:00:00', '2015-01-05 00:00:00', 0),
(495, 4, 78, '2015-01-05 00:00:00', '2015-01-05 00:00:00', 0),
(496, 0, 3, '2014-08-28 00:00:00', '2014-02-12 00:00:00', 100),
(497, 4, 79, '2014-08-28 00:00:00', '2014-08-28 00:00:00', 100),
(498, 4, 79, '2014-12-03 00:00:00', '2014-12-05 00:00:00', 100),
(499, 4, 79, '2014-08-28 00:00:00', '2014-08-28 00:00:00', 100),
(500, 4, 79, '2014-08-28 00:00:00', '2014-08-28 00:00:00', 100),
(501, 4, 79, '2014-12-05 00:00:00', '2014-12-08 00:00:00', 100),
(502, 4, 79, '2015-01-05 00:00:00', '2015-01-05 00:00:00', 100),
(503, 4, 79, '2015-01-05 00:00:00', '2015-01-05 00:00:00', 100),
(504, 4, 79, '2015-01-13 00:00:00', '2015-01-13 00:00:00', 100),
(505, 4, 79, '2015-01-13 00:00:00', '2015-01-14 00:00:00', 100),
(506, 4, 79, '2015-01-27 00:00:00', '2015-01-27 00:00:00', 100),
(507, 4, 79, '2015-02-10 00:00:00', '2015-02-10 00:00:00', 100),
(508, 4, 79, '2015-01-27 00:00:00', '2015-01-27 00:00:00', 100),
(509, 4, 79, '2015-02-10 00:00:00', '2015-02-10 00:00:00', 100),
(510, 4, 79, '2015-02-11 00:00:00', '2015-02-12 00:00:00', 100),
(511, 4, 79, '2015-01-28 00:00:00', '2015-01-29 00:00:00', 100),
(512, 4, 79, '2015-02-12 00:00:00', '2015-02-12 00:00:00', 100),
(513, 4, 79, '2015-01-29 00:00:00', '2015-01-29 00:00:00', 100),
(514, 0, 3, '2014-06-29 00:00:00', '2014-07-15 00:00:00', 0),
(515, 4, 80, '2014-06-29 00:00:00', '2014-06-29 00:00:00', 0),
(516, 4, 80, '2014-06-29 00:00:00', '2014-06-29 00:00:00', 0),
(517, 4, 80, '2014-07-15 00:00:00', '2014-07-15 00:00:00', 100),
(518, 0, 3, '2014-10-30 00:00:00', '2014-11-17 00:00:00', 100),
(519, 4, 81, '2014-10-30 00:00:00', '2014-10-30 00:00:00', 100),
(520, 4, 81, '2014-10-30 00:00:00', '2014-10-30 00:00:00', 100),
(521, 4, 81, '2014-11-10 00:00:00', '2014-11-11 00:00:00', 100),
(522, 4, 81, '2014-11-11 00:00:00', '2014-11-11 00:00:00', 100),
(523, 4, 81, '2014-11-17 00:00:00', '2014-11-17 00:00:00', 100),
(524, 4, 81, '2014-11-17 00:00:00', '2014-11-17 00:00:00', 100),
(525, 0, 3, '2014-07-14 00:00:00', '2014-07-14 00:00:00', 0),
(526, 4, 82, '2014-07-14 00:00:00', '2014-07-14 00:00:00', 0),
(527, 0, 3, '2014-11-25 00:00:00', '2014-12-02 00:00:00', 100),
(528, 4, 83, '2014-12-02 00:00:00', '2014-12-02 00:00:00', 100),
(529, 4, 83, '2014-11-25 00:00:00', '2014-11-25 00:00:00', 100),
(530, 4, 83, '2014-11-27 00:00:00', '2014-11-27 00:00:00', 100),
(531, 4, 83, '2014-11-25 00:00:00', '2014-11-26 00:00:00', 100),
(532, 4, 83, '2014-11-26 00:00:00', '2014-11-27 00:00:00', 100),
(533, 4, 83, '2014-11-27 00:00:00', '2014-11-27 00:00:00', 100),
(534, 0, 3, '2014-08-28 00:00:00', '2014-02-10 00:00:00', 100),
(535, 4, 84, '2014-08-28 00:00:00', '2014-08-28 00:00:00', 100),
(536, 4, 84, '2015-01-30 00:00:00', '2015-01-30 00:00:00', 100),
(537, 4, 84, '2015-01-28 00:00:00', '2015-01-29 00:00:00', 100),
(538, 4, 84, '2014-08-28 00:00:00', '2014-08-28 00:00:00', 100),
(539, 4, 84, '2015-01-29 00:00:00', '2015-01-29 00:00:00', 100),
(540, 4, 84, '2015-01-29 00:00:00', '2015-01-29 00:00:00', 100),
(541, 4, 84, '2015-01-07 00:00:00', '2015-01-07 00:00:00', 100),
(542, 4, 84, '2015-01-08 00:00:00', '2015-01-08 00:00:00', 100),
(543, 4, 84, '2015-01-26 00:00:00', '2015-01-27 00:00:00', 100),
(544, 4, 84, '2015-01-27 00:00:00', '2015-01-27 00:00:00', 100),
(545, 4, 84, '2015-01-28 00:00:00', '2015-01-28 00:00:00', 100),
(546, 4, 84, '2015-01-28 00:00:00', '2015-01-28 00:00:00', 100),
(547, 4, 84, '2014-08-28 00:00:00', '2014-08-28 00:00:00', 100),
(548, 4, 84, '2015-02-05 00:00:00', '2015-02-06 00:00:00', 100),
(549, 4, 84, '2014-11-19 00:00:00', '2014-11-19 00:00:00', 100),
(550, 4, 84, '2015-02-06 00:00:00', '2015-02-06 00:00:00', 100),
(551, 4, 84, '2015-01-30 00:00:00', '2015-02-02 00:00:00', 100),
(552, 4, 84, '2015-02-10 00:00:00', '2015-02-10 00:00:00', 100),
(553, 4, 84, '2014-12-03 00:00:00', '2014-12-04 00:00:00', 100),
(554, 4, 84, '2014-12-04 00:00:00', '2014-12-04 00:00:00', 100),
(555, 4, 84, '2015-02-10 00:00:00', '2015-02-10 00:00:00', 100),
(556, 4, 84, '2014-12-08 00:00:00', '2014-12-08 00:00:00', 100),
(557, 4, 84, '2014-12-08 00:00:00', '2014-12-08 00:00:00', 100),
(558, 0, 3, '2014-08-22 00:00:00', '2014-02-13 00:00:00', 100),
(559, 4, 85, '2015-01-21 00:00:00', '2015-01-21 00:00:00', 100),
(560, 4, 85, '2014-08-22 00:00:00', '2014-08-22 00:00:00', 100),
(561, 4, 85, '2014-09-02 00:00:00', '2014-09-02 00:00:00', 100),
(562, 4, 85, '2015-01-21 00:00:00', '2015-01-21 00:00:00', 100),
(563, 4, 85, '2014-09-02 00:00:00', '2014-09-02 00:00:00', 100),
(564, 4, 85, '2015-01-20 00:00:00', '2015-01-20 00:00:00', 100),
(565, 4, 85, '2015-01-15 00:00:00', '2015-01-15 00:00:00', 100),
(566, 4, 85, '2015-01-15 00:00:00', '2015-01-15 00:00:00', 100),
(567, 4, 85, '2015-01-15 00:00:00', '2015-01-15 00:00:00', 100),
(568, 4, 85, '2015-01-15 00:00:00', '2015-01-15 00:00:00', 100),
(569, 4, 85, '2015-02-13 00:00:00', '2015-02-13 00:00:00', 100),
(570, 4, 85, '2015-02-13 00:00:00', '2015-02-13 00:00:00', 100),
(571, 4, 85, '2014-09-02 00:00:00', '2014-09-02 00:00:00', 100),
(572, 4, 85, '2014-09-03 00:00:00', '2014-09-03 00:00:00', 100),
(573, 4, 85, '2015-01-06 00:00:00', '2015-01-09 00:00:00', 100),
(574, 4, 85, '2015-01-09 00:00:00', '2015-01-09 00:00:00', 100),
(575, 4, 85, '2015-02-13 00:00:00', '2015-02-13 00:00:00', 100),
(576, 4, 85, '2015-02-13 00:00:00', '2015-02-13 00:00:00', 100),
(577, 0, 3, '2014-12-15 00:00:00', '2014-12-15 00:00:00', 0),
(578, 4, 86, '2014-12-15 00:00:00', '2014-12-15 00:00:00', 0),
(579, 0, 3, '2014-06-02 00:00:00', '2014-02-28 00:00:00', 0),
(580, 0, 3, '2014-09-29 00:00:00', '2014-09-29 00:00:00', 0),
(581, 5, 87, '2014-09-29 00:00:00', '2014-09-29 00:00:00', 0),
(582, 0, 3, '2015-05-19 00:00:00', '2015-05-19 00:00:00', 0),
(583, 5, 2, '2015-05-19 00:00:00', '2015-05-19 00:00:00', 0),
(584, 5, 2, '2015-05-19 00:00:00', '2015-05-19 00:00:00', 0),
(585, 0, 3, '2014-06-02 00:00:00', '2014-03-12 00:00:00', 100),
(586, 5, 4, '2014-08-22 00:00:00', '2014-08-22 00:00:00', 100),
(587, 5, 4, '2015-03-04 00:00:00', '2015-03-04 00:00:00', 100),
(588, 5, 4, '2015-03-04 00:00:00', '2015-03-04 00:00:00', 100),
(589, 5, 4, '2015-03-10 00:00:00', '2015-03-12 00:00:00', 100),
(590, 5, 4, '2015-02-04 00:00:00', '2015-02-04 00:00:00', 100),
(591, 5, 4, '2015-01-19 00:00:00', '2015-01-23 00:00:00', 100),
(592, 5, 4, '2015-01-22 00:00:00', '2015-01-23 00:00:00', 100),
(593, 5, 4, '2014-06-02 00:00:00', '2014-06-02 00:00:00', 100),
(594, 5, 4, '2014-06-02 00:00:00', '2014-06-02 00:00:00', 100),
(595, 5, 4, '2014-07-10 00:00:00', '2014-07-11 00:00:00', 100),
(596, 5, 4, '2014-07-18 00:00:00', '2014-07-18 00:00:00', 100),
(597, 5, 4, '2015-03-02 00:00:00', '2015-03-10 00:00:00', 100),
(598, 5, 4, '2014-09-24 00:00:00', '2014-09-26 00:00:00', 100),
(599, 5, 4, '2015-01-28 00:00:00', '2015-01-28 00:00:00', 100),
(600, 5, 4, '2015-01-28 00:00:00', '2015-01-29 00:00:00', 100),
(601, 5, 4, '2015-01-05 00:00:00', '2015-01-07 00:00:00', 100),
(602, 5, 4, '2015-01-07 00:00:00', '2015-01-07 00:00:00', 100),
(603, 5, 4, '2015-01-12 00:00:00', '2015-01-13 00:00:00', 100),
(604, 5, 4, '2015-01-14 00:00:00', '2015-01-14 00:00:00', 100),
(605, 0, 3, '2014-08-14 00:00:00', '2014-06-16 00:00:00', 0),
(606, 5, 6, '2015-01-15 00:00:00', '2015-01-15 00:00:00', 100),
(607, 5, 6, '2015-01-08 00:00:00', '2015-01-14 00:00:00', 100),
(608, 5, 6, '2015-01-15 00:00:00', '2015-01-15 00:00:00', 100),
(609, 5, 6, '2015-01-14 00:00:00', '2015-01-15 00:00:00', 100),
(610, 5, 6, '2015-01-08 00:00:00', '2015-01-08 00:00:00', 100),
(611, 5, 6, '2015-02-23 00:00:00', '2015-04-06 00:00:00', 100),
(612, 5, 6, '2015-04-01 00:00:00', '2015-04-13 00:00:00', 100),
(613, 5, 6, '2014-12-22 00:00:00', '2014-12-22 00:00:00', 100),
(614, 5, 6, '2015-01-08 00:00:00', '2015-01-08 00:00:00', 100),
(615, 5, 6, '2014-12-16 00:00:00', '2014-12-19 00:00:00', 100),
(616, 5, 6, '2014-12-23 00:00:00', '2014-01-07 00:00:00', 100),
(617, 5, 6, '2015-02-20 00:00:00', '2015-02-20 00:00:00', 100),
(618, 5, 6, '2014-12-22 00:00:00', '2014-12-23 00:00:00', 100),
(619, 5, 6, '2015-01-08 00:00:00', '2015-01-08 00:00:00', 100),
(620, 5, 6, '2014-12-19 00:00:00', '2014-12-22 00:00:00', 100),
(621, 5, 6, '2015-01-07 00:00:00', '2015-01-08 00:00:00', 100),
(622, 5, 6, '2015-03-18 00:00:00', '2015-03-23 00:00:00', 46),
(623, 5, 6, '2014-12-23 00:00:00', '2014-12-23 00:00:00', 100),
(624, 5, 6, '2015-06-16 00:00:00', '2015-06-16 00:00:00', 0),
(625, 5, 6, '2014-08-14 00:00:00', '2014-08-14 00:00:00', 100),
(626, 5, 6, '2015-04-01 00:00:00', '2015-04-01 00:00:00', 100),
(627, 5, 6, '2014-11-11 00:00:00', '2014-11-11 00:00:00', 100),
(628, 5, 6, '2015-01-12 00:00:00', '2015-01-12 00:00:00', 100),
(629, 5, 6, '2015-01-08 00:00:00', '2015-01-08 00:00:00', 100),
(630, 5, 6, '2014-12-18 00:00:00', '2014-12-18 00:00:00', 100),
(631, 5, 6, '2014-12-15 00:00:00', '2014-12-16 00:00:00', 100),
(632, 5, 6, '2014-12-26 00:00:00', '2014-12-26 00:00:00', 100),
(633, 5, 6, '2014-11-12 00:00:00', '2014-11-12 00:00:00', 100),
(634, 5, 6, '2014-11-12 00:00:00', '2014-11-12 00:00:00', 100),
(635, 5, 6, '2014-11-13 00:00:00', '2014-11-13 00:00:00', 100),
(636, 5, 6, '2014-11-14 00:00:00', '2014-11-14 00:00:00', 100),
(637, 5, 6, '2015-02-26 00:00:00', '2015-02-26 00:00:00', 0),
(638, 5, 6, '2015-04-22 00:00:00', '2015-04-22 00:00:00', 0),
(639, 5, 6, '2015-04-29 00:00:00', '2015-04-29 00:00:00', 0),
(640, 5, 6, '2015-05-06 00:00:00', '2015-05-06 00:00:00', 0),
(641, 5, 6, '2015-05-14 00:00:00', '2015-05-14 00:00:00', 0),
(642, 5, 6, '2015-05-20 00:00:00', '2015-05-20 00:00:00', 0),
(643, 5, 6, '2015-05-27 00:00:00', '2015-05-27 00:00:00', 0),
(644, 5, 6, '2015-06-03 00:00:00', '2015-06-03 00:00:00', 0),
(645, 5, 6, '2015-06-10 00:00:00', '2015-06-10 00:00:00', 0),
(646, 5, 6, '2015-02-26 00:00:00', '2015-02-26 00:00:00', 100),
(647, 5, 6, '2015-03-05 00:00:00', '2015-03-05 00:00:00', 100),
(648, 5, 6, '2015-03-11 00:00:00', '2015-03-11 00:00:00', 100),
(649, 5, 6, '2015-03-19 00:00:00', '2015-03-19 00:00:00', 100),
(650, 5, 6, '2015-03-25 00:00:00', '2015-03-25 00:00:00', 0),
(651, 5, 6, '2015-04-01 00:00:00', '2015-04-01 00:00:00', 0),
(652, 5, 6, '2015-04-08 00:00:00', '2015-04-08 00:00:00', 0),
(653, 5, 6, '2015-04-15 00:00:00', '2015-04-15 00:00:00', 0),
(654, 0, 3, '2015-06-02 00:00:00', '2015-12-28 00:00:00', 0),
(655, 5, 1, '2015-10-13 00:00:00', '2015-10-13 00:00:00', 0),
(656, 5, 1, '2015-12-28 00:00:00', '2015-12-28 00:00:00', 0),
(657, 5, 1, '2015-08-06 00:00:00', '2015-08-06 00:00:00', 0),
(658, 5, 1, '2015-06-02 00:00:00', '2015-06-02 00:00:00', 0),
(659, 5, 1, '2015-06-02 00:00:00', '2015-06-04 00:00:00', 100),
(660, 5, 1, '2015-12-23 00:00:00', '2015-12-23 00:00:00', 0),
(661, 5, 1, '2015-12-28 00:00:00', '2015-12-28 00:00:00', 0),
(662, 5, 1, '2015-10-15 00:00:00', '2015-10-15 00:00:00', 0),
(663, 5, 1, '2015-10-13 00:00:00', '2015-10-19 00:00:00', 0);

-- --------------------------------------------------------

--
-- Table structure for table `teams`
--

CREATE TABLE IF NOT EXISTS `teams` (
  `team_id` int(11) NOT NULL,
  `name` varchar(100) NOT NULL
) ENGINE=InnoDB AUTO_INCREMENT=4 DEFAULT CHARSET=latin1;

--
-- Dumping data for table `teams`
--

INSERT INTO `teams` (`team_id`, `name`) VALUES
(1, 'Java Developers'),
(2, 'Front End Developers'),
(3, 'Quality Assurance');

-- --------------------------------------------------------

--
-- Table structure for table `users`
--

CREATE TABLE IF NOT EXISTS `users` (
  `user_id` int(11) NOT NULL,
  `fullname` varchar(50) NOT NULL,
  `first_name` varchar(30) NOT NULL,
  `last_name` varchar(30) NOT NULL,
  `birthdate` datetime NOT NULL,
  `team_id` int(11) NOT NULL,
  `username` varchar(30) NOT NULL,
  `password` varchar(50) NOT NULL,
  `access_token` varchar(50) NOT NULL
) ENGINE=InnoDB AUTO_INCREMENT=7 DEFAULT CHARSET=latin1;

--
-- Dumping data for table `users`
--

INSERT INTO `users` (`user_id`, `fullname`, `first_name`, `last_name`, `birthdate`, `team_id`, `username`, `password`, `access_token`) VALUES
(1, 'Antonio Sergio L. Valderrama', '', '', '0000-00-00 00:00:00', 0, '', '', ''),
(2, '', '', '', '0000-00-00 00:00:00', 0, '', '', ''),
(3, 'Christopher Brian Sarto', '', '', '0000-00-00 00:00:00', 0, '', '', ''),
(4, 'Erwin Mata', '', '', '0000-00-00 00:00:00', 0, '', '', ''),
(5, 'Jonathan Duay', '', '', '0000-00-00 00:00:00', 0, '', '', ''),
(6, 'Admin Account', '', '', '0000-00-00 00:00:00', 0, 'admin', '5f4dcc3b5aa765d61d8327deb882cf99', '');

--
-- Indexes for dumped tables
--

--
-- Indexes for table `projects`
--
ALTER TABLE `projects`
  ADD PRIMARY KEY (`project_id`);

--
-- Indexes for table `sched`
--
ALTER TABLE `sched`
  ADD PRIMARY KEY (`sched_id`);

--
-- Indexes for table `teams`
--
ALTER TABLE `teams`
  ADD PRIMARY KEY (`team_id`);

--
-- Indexes for table `users`
--
ALTER TABLE `users`
  ADD PRIMARY KEY (`user_id`);

--
-- AUTO_INCREMENT for dumped tables
--

--
-- AUTO_INCREMENT for table `projects`
--
ALTER TABLE `projects`
  MODIFY `project_id` int(11) NOT NULL AUTO_INCREMENT,AUTO_INCREMENT=88;
--
-- AUTO_INCREMENT for table `sched`
--
ALTER TABLE `sched`
  MODIFY `sched_id` int(11) NOT NULL AUTO_INCREMENT,AUTO_INCREMENT=664;
--
-- AUTO_INCREMENT for table `teams`
--
ALTER TABLE `teams`
  MODIFY `team_id` int(11) NOT NULL AUTO_INCREMENT,AUTO_INCREMENT=4;
--
-- AUTO_INCREMENT for table `users`
--
ALTER TABLE `users`
  MODIFY `user_id` int(11) NOT NULL AUTO_INCREMENT,AUTO_INCREMENT=7;
/*!40101 SET CHARACTER_SET_CLIENT=@OLD_CHARACTER_SET_CLIENT */;
/*!40101 SET CHARACTER_SET_RESULTS=@OLD_CHARACTER_SET_RESULTS */;
/*!40101 SET COLLATION_CONNECTION=@OLD_COLLATION_CONNECTION */;
